PLANNED_PICKING_DEADLINE_TS,KEY_TRUCK_TRIP,TRUCK_TRIP_ID,PLANNED_FRAME_STACK_ID
2025-02-24 06:34:00.000,eafcc0108140e794903747ee726f985c,tps-ebsgko7x-FC-FC9-2,679eb5b008f24d0e866e6dc46-BOTH-AMBIENT;679eb5b008f24d0e866e6dc42-BOTH-AMBIENT
2025-02-24 06:34:00.000,eafcc0108140e794903747ee726f985c,tps-ebsgko7x-FC-FC9-2,679eb5b008f24d0e866e6dc41-BOTH-AMBIENT;679eb5b008f24d0e866e6dc43-BOTH-AMBIENT
2025-02-24 06:34:00.000,eafcc0108140e794903747ee726f985c,tps-ebsgko7x-FC-FC9-2,679eb5b008f24d0e866e6dc41-BOTH-COOLED;679eb5b008f24d0e866e6dc43-BOTH-COOLED
2025-02-24 06:34:00.000,eafcc0108140e794903747ee726f985c,tps-ebsgko7x-FC-FC9-2,679eb5b008f24d0e866e6dbca-BOTH-AMBIENT;679eb5b008f24d0e866e6dbc4-BOTH-AMBIENT
2025-02-24 06:34:00.000,eafcc0108140e794903747ee726f985c,tps-ebsgko7x-FC-FC9-2,679eb5b008f24d0e866e6dbca-BOTH-COOLED;679eb5b008f24d0e866e6dbc4-BOTH-COOLED
2025-02-24 06:34:00.000,eafcc0108140e794903747ee726f985c,tps-ebsgko7x-FC-FC9-2,679eb5b008f24d0e866e6dc40-BOTH-AMBIENT;679eb5b008f24d0e866e6dc45-BOTH-AMBIENT
2025-02-24 06:34:00.000,eafcc0108140e794903747ee726f985c,tps-ebsgko7x-FC-FC9-2,679eb5b008f24d0e866e6dbc0-BOTH-AMBIENT;679eb5b008f24d0e866e6dbc5-BOTH-AMBIENT
2025-02-24 06:34:00.000,eafcc0108140e794903747ee726f985c,tps-ebsgko7x-FC-FC9-2,679eb5b008f24d0e866e6dbc0-BOTH-COOLED;679eb5b008f24d0e866e6dbc5-BOTH-COOLED
2025-02-24 06:34:00.000,eafcc0108140e794903747ee726f985c,tps-ebsgko7x-FC-FC9-2,679eb5b008f24d0e866e6dc48-BOTH-COOLED;679eb5b008f24d0e866e6dc4d-BOTH-COOLED
2025-02-24 06:34:00.000,eafcc0108140e794903747ee726f985c,tps-ebsgko7x-FC-FC9-2,679eb5b008f24d0e866e6dc4a-BOTH-AMBIENT;679eb5b008f24d0e866e6dc4b-BOTH-AMBIENT
2025-02-24 06:34:00.000,eafcc0108140e794903747ee726f985c,tps-ebsgko7x-FC-FC9-2,679eb5b008f24d0e866e6dc4a-BOTH-COOLED;679eb5b008f24d0e866e6dc4b-BOTH-COOLED
2025-02-24 06:34:00.000,eafcc0108140e794903747ee726f985c,tps-ebsgko7x-FC-FC9-2,679eb5b008f24d0e866e6dc46-BOTH-COOLED;679eb5b008f24d0e866e6dc42-BOTH-COOLED
2025-02-24 06:34:00.000,eafcc0108140e794903747ee726f985c,tps-ebsgko7x-FC-FC9-2,679eb5b008f24d0e866e6dc48-BOTH-AMBIENT;679eb5b008f24d0e866e6dc4d-BOTH-AMBIENT
2025-02-24 06:34:00.000,eafcc0108140e794903747ee726f985c,tps-ebsgko7x-FC-FC9-2,679eb5b008f24d0e866e6dc49-BOTH-AMBIENT;679eb5b008f24d0e866e6dc4c-BOTH-AMBIENT
2025-02-24 06:34:00.000,eafcc0108140e794903747ee726f985c,tps-ebsgko7x-FC-FC9-2,679eb5b008f24d0e866e6dc49-BOTH-COOLED;679eb5b008f24d0e866e6dc4c-BOTH-COOLED
2025-02-24 06:34:00.000,eafcc0108140e794903747ee726f985c,tps-ebsgko7x-FC-FC9-2,679eb5b008f24d0e866e6dbcb-BOTH-AMBIENT;679eb5b008f24d0e866e6dbc6-BOTH-AMBIENT
2025-02-24 06:34:00.000,eafcc0108140e794903747ee726f985c,tps-ebsgko7x-FC-FC9-2,679eb5b008f24d0e866e6dc47-BOTH-AMBIENT;679eb5b008f24d0e866e6dc44-BOTH-AMBIENT
2025-02-24 06:34:00.000,eafcc0108140e794903747ee726f985c,tps-ebsgko7x-FC-FC9-2,679eb5b008f24d0e866e6dc47-BOTH-COOLED;679eb5b008f24d0e866e6dc44-BOTH-COOLED
2025-02-24 06:34:00.000,eafcc0108140e794903747ee726f985c,tps-ebsgko7x-FC-FC9-2,679eb5b008f24d0e866e6dbcb-BOTH-COOLED;679eb5b008f24d0e866e6dbc6-BOTH-COOLED
2025-02-24 06:34:00.000,eafcc0108140e794903747ee726f985c,tps-ebsgko7x-FC-FC9-2,679eb5b008f24d0e866e6dc40-BOTH-COOLED;679eb5b008f24d0e866e6dc45-BOTH-COOLED
2025-02-24 07:08:00.000,ada6436feed45acc040d802399c10957,tps-ebsgko7x-FC-FC9-3,679eb5b608f24d0e866e6eee1-BOTH-AMBIENT;679eb5b608f24d0e866e6eee2-BOTH-AMBIENT
2025-02-24 07:08:00.000,ada6436feed45acc040d802399c10957,tps-ebsgko7x-FC-FC9-3,679eb5b608f24d0e866e6ede0-BOTH-AMBIENT;679eb5b608f24d0e866e6ede4-BOTH-AMBIENT
2025-02-24 07:08:00.000,ada6436feed45acc040d802399c10957,tps-ebsgko7x-FC-FC9-3,679eb5b608f24d0e866e6eda1-BOTH-AMBIENT;679eb5b608f24d0e866e6eda6-BOTH-AMBIENT
2025-02-24 07:08:00.000,ada6436feed45acc040d802399c10957,tps-ebsgko7x-FC-FC9-3,679eb5b608f24d0e866e6ede0-BOTH-COOLED;679eb5b608f24d0e866e6ede4-BOTH-COOLED
2025-02-24 07:08:00.000,ada6436feed45acc040d802399c10957,tps-ebsgko7x-FC-FC9-3,679eb5b608f24d0e866e6ede2-BOTH-COOLED;679eb5b608f24d0e866e6ede5-BOTH-COOLED
2025-02-24 07:08:00.000,ada6436feed45acc040d802399c10957,tps-ebsgko7x-FC-FC9-3,679eb5b608f24d0e866e6eee0-BOTH-AMBIENT;679eb5b608f24d0e866e6ede8-BOTH-AMBIENT
2025-02-24 07:08:00.000,ada6436feed45acc040d802399c10957,tps-ebsgko7x-FC-FC9-3,679eb5b608f24d0e866e6ede3-BOTH-AMBIENT;679eb5b608f24d0e866e6ede7-BOTH-AMBIENT
2025-02-24 07:08:00.000,ada6436feed45acc040d802399c10957,tps-ebsgko7x-FC-FC9-3,679eb5b608f24d0e866e6eda3-BOTH-AMBIENT;679eb5b608f24d0e866e6eda5-BOTH-AMBIENT
2025-02-24 07:08:00.000,ada6436feed45acc040d802399c10957,tps-ebsgko7x-FC-FC9-3,679eb5b608f24d0e866e6eda0-BOTH-AMBIENT;679eb5b608f24d0e866e6eda4-BOTH-AMBIENT
2025-02-24 07:08:00.000,ada6436feed45acc040d802399c10957,tps-ebsgko7x-FC-FC9-3,679eb5b608f24d0e866e6ede1-BOTH-COOLED;679eb5b608f24d0e866e6ede6-BOTH-COOLED
2025-02-24 07:08:00.000,ada6436feed45acc040d802399c10957,tps-ebsgko7x-FC-FC9-3,679eb5b608f24d0e866e6eee1-BOTH-COOLED;679eb5b608f24d0e866e6eee2-BOTH-COOLED
2025-02-24 07:08:00.000,ada6436feed45acc040d802399c10957,tps-ebsgko7x-FC-FC9-3,679eb5b608f24d0e866e6eda1-BOTH-COOLED;679eb5b608f24d0e866e6eda6-BOTH-COOLED
2025-02-24 07:08:00.000,ada6436feed45acc040d802399c10957,tps-ebsgko7x-FC-FC9-3,679eb5b608f24d0e866e6ede1-BOTH-AMBIENT;679eb5b608f24d0e866e6ede6-BOTH-AMBIENT
2025-02-24 07:08:00.000,ada6436feed45acc040d802399c10957,tps-ebsgko7x-FC-FC9-3,679eb5b608f24d0e866e6eda2-BOTH-COOLED;679eb5b608f24d0e866e6eda7-BOTH-COOLED
2025-02-24 07:08:00.000,ada6436feed45acc040d802399c10957,tps-ebsgko7x-FC-FC9-3,679eb5b608f24d0e866e6eee0-BOTH-COOLED;679eb5b608f24d0e866e6ede8-BOTH-COOLED
2025-02-24 07:08:00.000,ada6436feed45acc040d802399c10957,tps-ebsgko7x-FC-FC9-3,679eb5b608f24d0e866e6eda2-BOTH-AMBIENT;679eb5b608f24d0e866e6eda7-BOTH-AMBIENT
2025-02-24 07:08:00.000,ada6436feed45acc040d802399c10957,tps-ebsgko7x-FC-FC9-3,679eb5b608f24d0e866e6ede2-BOTH-AMBIENT;679eb5b608f24d0e866e6ede5-BOTH-AMBIENT
2025-02-24 07:08:00.000,ada6436feed45acc040d802399c10957,tps-ebsgko7x-FC-FC9-3,679eb5b608f24d0e866e6eda0-BOTH-COOLED;679eb5b608f24d0e866e6eda4-BOTH-COOLED
2025-02-24 07:08:00.000,ada6436feed45acc040d802399c10957,tps-ebsgko7x-FC-FC9-3,679eb5b608f24d0e866e6eda3-BOTH-COOLED;679eb5b608f24d0e866e6eda5-BOTH-COOLED
2025-02-24 07:08:00.000,ada6436feed45acc040d802399c10957,tps-ebsgko7x-FC-FC9-3,679eb5b608f24d0e866e6ede3-BOTH-COOLED;679eb5b608f24d0e866e6ede7-BOTH-COOLED
2025-02-24 07:41:00.000,b81de46f28fb1582fe8f0e0723f8c662,tps-ebsgko7x-FC-FC9-4,679eb5a208f24d0e866e6bcf1-BOTH-AMBIENT;679eb5a208f24d0e866e6bcf4-BOTH-AMBIENT
2025-02-24 07:41:00.000,b81de46f28fb1582fe8f0e0723f8c662,tps-ebsgko7x-FC-FC9-4,679eb5a208f24d0e866e6bcb0-BOTH-COOLED;679eb5a208f24d0e866e6bcb7-BOTH-COOLED
2025-02-24 07:41:00.000,b81de46f28fb1582fe8f0e0723f8c662,tps-ebsgko7x-FC-FC9-4,679eb5a208f24d0e866e6bc73-BOTH-AMBIENT;679eb5a208f24d0e866e6bc76-BOTH-AMBIENT
2025-02-24 07:41:00.000,b81de46f28fb1582fe8f0e0723f8c662,tps-ebsgko7x-FC-FC9-4,679eb5a208f24d0e866e6bcb0-BOTH-AMBIENT;679eb5a208f24d0e866e6bcb7-BOTH-AMBIENT
2025-02-24 07:41:00.000,b81de46f28fb1582fe8f0e0723f8c662,tps-ebsgko7x-FC-FC9-4,679eb5a208f24d0e866e6bcf3-BOTH-COOLED;679eb5a208f24d0e866e6bc77-BOTH-COOLED
2025-02-24 07:41:00.000,b81de46f28fb1582fe8f0e0723f8c662,tps-ebsgko7x-FC-FC9-4,679eb5a208f24d0e866e6bcf2-BOTH-AMBIENT;679eb5a208f24d0e866e6bcf5-BOTH-AMBIENT
2025-02-24 07:41:00.000,b81de46f28fb1582fe8f0e0723f8c662,tps-ebsgko7x-FC-FC9-4,679eb5a208f24d0e866e6bc71-BOTH-COOLED;679eb5a208f24d0e866e6bc75-BOTH-COOLED
2025-02-24 07:41:00.000,b81de46f28fb1582fe8f0e0723f8c662,tps-ebsgko7x-FC-FC9-4,679eb5a208f24d0e866e6bcf0-BOTH-COOLED;679eb5a208f24d0e866e6bcf6-BOTH-COOLED
2025-02-24 07:41:00.000,b81de46f28fb1582fe8f0e0723f8c662,tps-ebsgko7x-FC-FC9-4,679eb5a208f24d0e866e6bc70-BOTH-COOLED;679eb5a208f24d0e866e6bc78-BOTH-COOLED
2025-02-24 07:41:00.000,b81de46f28fb1582fe8f0e0723f8c662,tps-ebsgko7x-FC-FC9-4,679eb5a208f24d0e866e6bc72-BOTH-COOLED;679eb5a208f24d0e866e6bc74-BOTH-COOLED
2025-02-24 07:41:00.000,b81de46f28fb1582fe8f0e0723f8c662,tps-ebsgko7x-FC-FC9-4,679eb5a208f24d0e866e6bc70-BOTH-AMBIENT;679eb5a208f24d0e866e6bc78-BOTH-AMBIENT
2025-02-24 07:41:00.000,b81de46f28fb1582fe8f0e0723f8c662,tps-ebsgko7x-FC-FC9-4,679eb5a208f24d0e866e6bc73-BOTH-COOLED;679eb5a208f24d0e866e6bc76-BOTH-COOLED
2025-02-24 07:41:00.000,b81de46f28fb1582fe8f0e0723f8c662,tps-ebsgko7x-FC-FC9-4,679eb5a208f24d0e866e6bcf0-BOTH-AMBIENT;679eb5a208f24d0e866e6bcf6-BOTH-AMBIENT
2025-02-24 07:41:00.000,b81de46f28fb1582fe8f0e0723f8c662,tps-ebsgko7x-FC-FC9-4,679eb5a208f24d0e866e6bcf3-BOTH-AMBIENT;679eb5a208f24d0e866e6bc77-BOTH-AMBIENT
2025-02-24 07:41:00.000,b81de46f28fb1582fe8f0e0723f8c662,tps-ebsgko7x-FC-FC9-4,679eb5a208f24d0e866e6bcf1-BOTH-COOLED;679eb5a208f24d0e866e6bcf4-BOTH-COOLED
2025-02-24 07:41:00.000,b81de46f28fb1582fe8f0e0723f8c662,tps-ebsgko7x-FC-FC9-4,679eb5a208f24d0e866e6bcf2-BOTH-COOLED;679eb5a208f24d0e866e6bcf5-BOTH-COOLED
2025-02-24 07:41:00.000,b81de46f28fb1582fe8f0e0723f8c662,tps-ebsgko7x-FC-FC9-4,679eb5a208f24d0e866e6bc72-BOTH-AMBIENT;679eb5a208f24d0e866e6bc74-BOTH-AMBIENT
2025-02-24 07:41:00.000,b81de46f28fb1582fe8f0e0723f8c662,tps-ebsgko7x-FC-FC9-4,679eb5a208f24d0e866e6bc71-BOTH-AMBIENT;679eb5a208f24d0e866e6bc75-BOTH-AMBIENT
2025-02-24 07:41:00.000,b81de46f28fb1582fe8f0e0723f8c662,tps-ebsgko7x-FC-FC9-4,679eb5a208f24d0e866e6bcb1-BOTH-AMBIENT;679eb5a208f24d0e866e6bcf7-BOTH-AMBIENT
2025-02-24 07:41:00.000,b81de46f28fb1582fe8f0e0723f8c662,tps-ebsgko7x-FC-FC9-4,679eb5a208f24d0e866e6bcb1-BOTH-COOLED;679eb5a208f24d0e866e6bcf7-BOTH-COOLED
2025-02-24 08:15:00.000,9a72311312797e9d70556d9f8e75dcf7,tps-ebsgko7x-FC-FC9-5,679eb5af08f24d0e866e6da80-BOTH-AMBIENT;679eb5af08f24d0e866e6da82-BOTH-AMBIENT
2025-02-24 08:15:00.000,9a72311312797e9d70556d9f8e75dcf7,tps-ebsgko7x-FC-FC9-5,79eb5af08f24d0e866e6db009-BOTH-COOLED;679eb5af08f24d0e866e6da8d-BOTH-COOLED
2025-02-24 08:15:00.000,9a72311312797e9d70556d9f8e75dcf7,tps-ebsgko7x-FC-FC9-5,679eb5af08f24d0e866e6da89-BOTH-AMBIENT;679eb5af08f24d0e866e6da86-BOTH-AMBIENT
2025-02-24 08:15:00.000,9a72311312797e9d70556d9f8e75dcf7,tps-ebsgko7x-FC-FC9-5,79eb5af08f24d0e866e6db005-BOTH-COOLED;79eb5af08f24d0e866e6db002-BOTH-COOLED
2025-02-24 08:15:00.000,9a72311312797e9d70556d9f8e75dcf7,tps-ebsgko7x-FC-FC9-5,79eb5af08f24d0e866e6db000-BOTH-AMBIENT;679eb5af08f24d0e866e6da84-BOTH-AMBIENT
2025-02-24 08:15:00.000,9a72311312797e9d70556d9f8e75dcf7,tps-ebsgko7x-FC-FC9-5,679eb5af08f24d0e866e6da80-BOTH-COOLED;679eb5af08f24d0e866e6da82-BOTH-COOLED
2025-02-24 08:15:00.000,9a72311312797e9d70556d9f8e75dcf7,tps-ebsgko7x-FC-FC9-5,679eb5af08f24d0e866e6da88-BOTH-COOLED;679eb5af08f24d0e866e6da8e-BOTH-COOLED
2025-02-24 08:15:00.000,9a72311312797e9d70556d9f8e75dcf7,tps-ebsgko7x-FC-FC9-5,79eb5af08f24d0e866e6db005-BOTH-AMBIENT;79eb5af08f24d0e866e6db002-BOTH-AMBIENT
2025-02-24 08:15:00.000,9a72311312797e9d70556d9f8e75dcf7,tps-ebsgko7x-FC-FC9-5,679eb5af08f24d0e866e6da8b-BOTH-COOLED;679eb5af08f24d0e866e6da87-BOTH-COOLED
2025-02-24 08:15:00.000,9a72311312797e9d70556d9f8e75dcf7,tps-ebsgko7x-FC-FC9-5,679eb5af08f24d0e866e6da8b-BOTH-AMBIENT;679eb5af08f24d0e866e6da87-BOTH-AMBIENT
2025-02-24 08:15:00.000,9a72311312797e9d70556d9f8e75dcf7,tps-ebsgko7x-FC-FC9-5,79eb5af08f24d0e866e6db000-BOTH-COOLED;679eb5af08f24d0e866e6da84-BOTH-COOLED
2025-02-24 08:15:00.000,9a72311312797e9d70556d9f8e75dcf7,tps-ebsgko7x-FC-FC9-5,679eb5af08f24d0e866e6da88-BOTH-AMBIENT;679eb5af08f24d0e866e6da8e-BOTH-AMBIENT
2025-02-24 08:15:00.000,9a72311312797e9d70556d9f8e75dcf7,tps-ebsgko7x-FC-FC9-5,679eb5af08f24d0e866e6da8c-BOTH-AMBIENT;679eb5af08f24d0e866e6da8f-BOTH-AMBIENT
2025-02-24 08:15:00.000,9a72311312797e9d70556d9f8e75dcf7,tps-ebsgko7x-FC-FC9-5,679eb5af08f24d0e866e6da8a-BOTH-COOLED;679eb5af08f24d0e866e6da83-BOTH-COOLED
2025-02-24 08:15:00.000,9a72311312797e9d70556d9f8e75dcf7,tps-ebsgko7x-FC-FC9-5,679eb5af08f24d0e866e6da8c-BOTH-COOLED;679eb5af08f24d0e866e6da8f-BOTH-COOLED
2025-02-24 08:15:00.000,9a72311312797e9d70556d9f8e75dcf7,tps-ebsgko7x-FC-FC9-5,679eb5af08f24d0e866e6da81-BOTH-AMBIENT;679eb5af08f24d0e866e6da85-BOTH-AMBIENT
2025-02-24 08:15:00.000,9a72311312797e9d70556d9f8e75dcf7,tps-ebsgko7x-FC-FC9-5,679eb5af08f24d0e866e6da81-BOTH-COOLED;679eb5af08f24d0e866e6da85-BOTH-COOLED
2025-02-24 08:15:00.000,9a72311312797e9d70556d9f8e75dcf7,tps-ebsgko7x-FC-FC9-5,679eb5af08f24d0e866e6da8a-BOTH-AMBIENT;679eb5af08f24d0e866e6da83-BOTH-AMBIENT
2025-02-24 08:15:00.000,9a72311312797e9d70556d9f8e75dcf7,tps-ebsgko7x-FC-FC9-5,679eb5af08f24d0e866e6da89-BOTH-COOLED;679eb5af08f24d0e866e6da86-BOTH-COOLED
2025-02-24 08:15:00.000,9a72311312797e9d70556d9f8e75dcf7,tps-ebsgko7x-FC-FC9-5,79eb5af08f24d0e866e6db009-BOTH-AMBIENT;679eb5af08f24d0e866e6da8d-BOTH-AMBIENT
2025-02-24 08:49:00.000,ba0793b755e6165dd04ec7300fe490d8,tps-ebsgko7x-FC-FC9-6,79eb5b908f24d0e866e6f840f-BOTH-AMBIENT;79eb5b908f24d0e866e6f8406-BOTH-AMBIENT
2025-02-24 08:49:00.000,ba0793b755e6165dd04ec7300fe490d8,tps-ebsgko7x-FC-FC9-6,79eb5b908f24d0e866e6f8410-BOTH-AMBIENT;79eb5b908f24d0e866e6f840a-BOTH-AMBIENT
2025-02-24 08:49:00.000,ba0793b755e6165dd04ec7300fe490d8,tps-ebsgko7x-FC-FC9-6,79eb5b908f24d0e866e6f8401-BOTH-COOLED;79eb5b908f24d0e866e6f8408-BOTH-COOLED
2025-02-24 08:49:00.000,ba0793b755e6165dd04ec7300fe490d8,tps-ebsgko7x-FC-FC9-6,79eb5b908f24d0e866e6f840b-BOTH-AMBIENT;79eb5b908f24d0e866e6f8402-BOTH-AMBIENT
2025-02-24 08:49:00.000,ba0793b755e6165dd04ec7300fe490d8,tps-ebsgko7x-FC-FC9-6,79eb5b908f24d0e866e6f8401-BOTH-AMBIENT;79eb5b908f24d0e866e6f8408-BOTH-AMBIENT
2025-02-24 08:49:00.000,ba0793b755e6165dd04ec7300fe490d8,tps-ebsgko7x-FC-FC9-6,79eb5b908f24d0e866e6f840f-BOTH-COOLED;79eb5b908f24d0e866e6f8406-BOTH-COOLED
2025-02-24 08:49:00.000,ba0793b755e6165dd04ec7300fe490d8,tps-ebsgko7x-FC-FC9-6,79eb5b908f24d0e866e6f840e-BOTH-AMBIENT;79eb5b908f24d0e866e6f8407-BOTH-AMBIENT
2025-02-24 08:49:00.000,ba0793b755e6165dd04ec7300fe490d8,tps-ebsgko7x-FC-FC9-6,79eb5b908f24d0e866e6f8405-BOTH-AMBIENT;79eb5b908f24d0e866e6f8404-BOTH-AMBIENT
2025-02-24 08:49:00.000,ba0793b755e6165dd04ec7300fe490d8,tps-ebsgko7x-FC-FC9-6,79eb5b908f24d0e866e6f840c-BOTH-AMBIENT;79eb5b908f24d0e866e6f8007-BOTH-AMBIENT
2025-02-24 08:49:00.000,ba0793b755e6165dd04ec7300fe490d8,tps-ebsgko7x-FC-FC9-6,79eb5b908f24d0e866e6f8410-BOTH-COOLED;79eb5b908f24d0e866e6f840a-BOTH-COOLED
2025-02-24 08:49:00.000,ba0793b755e6165dd04ec7300fe490d8,tps-ebsgko7x-FC-FC9-6,79eb5b908f24d0e866e6f8411-BOTH-AMBIENT;79eb5b908f24d0e866e6f8403-BOTH-AMBIENT
2025-02-24 08:49:00.000,ba0793b755e6165dd04ec7300fe490d8,tps-ebsgko7x-FC-FC9-6,79eb5b908f24d0e866e6f840b-BOTH-COOLED;79eb5b908f24d0e866e6f8402-BOTH-COOLED
2025-02-24 08:49:00.000,ba0793b755e6165dd04ec7300fe490d8,tps-ebsgko7x-FC-FC9-6,79eb5b908f24d0e866e6f840d-BOTH-COOLED;79eb5b908f24d0e866e6f8412-BOTH-COOLED
2025-02-24 08:49:00.000,ba0793b755e6165dd04ec7300fe490d8,tps-ebsgko7x-FC-FC9-6,79eb5b908f24d0e866e6f840e-BOTH-COOLED;79eb5b908f24d0e866e6f8407-BOTH-COOLED
2025-02-24 08:49:00.000,ba0793b755e6165dd04ec7300fe490d8,tps-ebsgko7x-FC-FC9-6,79eb5b908f24d0e866e6f8400-BOTH-AMBIENT;79eb5b908f24d0e866e6f8409-BOTH-AMBIENT
2025-02-24 08:49:00.000,ba0793b755e6165dd04ec7300fe490d8,tps-ebsgko7x-FC-FC9-6,79eb5b908f24d0e866e6f840c-BOTH-COOLED;79eb5b908f24d0e866e6f8007-BOTH-COOLED
2025-02-24 08:49:00.000,ba0793b755e6165dd04ec7300fe490d8,tps-ebsgko7x-FC-FC9-6,79eb5b908f24d0e866e6f8400-BOTH-COOLED;79eb5b908f24d0e866e6f8409-BOTH-COOLED
2025-02-24 08:49:00.000,ba0793b755e6165dd04ec7300fe490d8,tps-ebsgko7x-FC-FC9-6,79eb5b908f24d0e866e6f840d-BOTH-AMBIENT;79eb5b908f24d0e866e6f8412-BOTH-AMBIENT
2025-02-24 08:49:00.000,ba0793b755e6165dd04ec7300fe490d8,tps-ebsgko7x-FC-FC9-6,79eb5b908f24d0e866e6f8411-BOTH-COOLED;79eb5b908f24d0e866e6f8403-BOTH-COOLED
2025-02-24 08:49:00.000,ba0793b755e6165dd04ec7300fe490d8,tps-ebsgko7x-FC-FC9-6,79eb5b908f24d0e866e6f8405-BOTH-COOLED;79eb5b908f24d0e866e6f8404-BOTH-COOLED
2025-02-24 09:21:00.000,91ac9d5f757b9758f0f6098279761446,tps-ebsgko7x-FC-FC9-7,679eb5b408f24d0e866e6e941-BOTH-COOLED
2025-02-24 09:21:00.000,91ac9d5f757b9758f0f6098279761446,tps-ebsgko7x-FC-FC9-7,679eb5b408f24d0e866e6e940-BOTH-AMBIENT;679eb5b408f24d0e866e6e943-BOTH-AMBIENT
2025-02-24 09:21:00.000,91ac9d5f757b9758f0f6098279761446,tps-ebsgko7x-FC-FC9-7,679eb5b408f24d0e866e6e902-BOTH-COOLED;679eb5b408f24d0e866e6e904-BOTH-COOLED
2025-02-24 09:21:00.000,91ac9d5f757b9758f0f6098279761446,tps-ebsgko7x-FC-FC9-7,679eb5b408f24d0e866e6e900-BOTH-AMBIENT;679eb5b408f24d0e866e6e903-BOTH-AMBIENT
2025-02-24 09:21:00.000,91ac9d5f757b9758f0f6098279761446,tps-ebsgko7x-FC-FC9-7,679eb5b408f24d0e866e6e900-BOTH-COOLED;679eb5b408f24d0e866e6e903-BOTH-COOLED
2025-02-24 09:21:00.000,91ac9d5f757b9758f0f6098279761446,tps-ebsgko7x-FC-FC9-7,679eb5b408f24d0e866e6e8c3-BOTH-AMBIENT;679eb5b408f24d0e866e6e8c5-BOTH-AMBIENT
2025-02-24 09:21:00.000,91ac9d5f757b9758f0f6098279761446,tps-ebsgko7x-FC-FC9-7,679eb5b408f24d0e866e6e8c2-BOTH-COOLED;679eb5b408f24d0e866e6e8c4-BOTH-COOLED
2025-02-24 09:21:00.000,91ac9d5f757b9758f0f6098279761446,tps-ebsgko7x-FC-FC9-7,679eb5b408f24d0e866e6e8c3-BOTH-COOLED;679eb5b408f24d0e866e6e8c5-BOTH-COOLED
2025-02-24 09:21:00.000,91ac9d5f757b9758f0f6098279761446,tps-ebsgko7x-FC-FC9-7,679eb5b408f24d0e866e6e8c2-BOTH-AMBIENT;679eb5b408f24d0e866e6e8c4-BOTH-AMBIENT
2025-02-24 09:21:00.000,91ac9d5f757b9758f0f6098279761446,tps-ebsgko7x-FC-FC9-7,679eb5b408f24d0e866e6e8c0-BOTH-COOLED;679eb5b408f24d0e866e6e944-BOTH-COOLED
2025-02-24 09:21:00.000,91ac9d5f757b9758f0f6098279761446,tps-ebsgko7x-FC-FC9-7,679eb5b408f24d0e866e6e902-BOTH-AMBIENT;679eb5b408f24d0e866e6e904-BOTH-AMBIENT
2025-02-24 09:21:00.000,91ac9d5f757b9758f0f6098279761446,tps-ebsgko7x-FC-FC9-7,679eb5b408f24d0e866e6e942-BOTH-AMBIENT;679eb5b408f24d0e866e6e945-BOTH-AMBIENT
2025-02-24 09:21:00.000,91ac9d5f757b9758f0f6098279761446,tps-ebsgko7x-FC-FC9-7,679eb5b408f24d0e866e6e901-BOTH-AMBIENT;679eb5b408f24d0e866e6e905-BOTH-AMBIENT
2025-02-24 09:21:00.000,91ac9d5f757b9758f0f6098279761446,tps-ebsgko7x-FC-FC9-7,679eb5b408f24d0e866e6e942-BOTH-COOLED;679eb5b408f24d0e866e6e945-BOTH-COOLED
2025-02-24 09:21:00.000,91ac9d5f757b9758f0f6098279761446,tps-ebsgko7x-FC-FC9-7,679eb5b408f24d0e866e6e8c1-BOTH-AMBIENT;679eb5b408f24d0e866e6e8c6-BOTH-AMBIENT
2025-02-24 09:21:00.000,91ac9d5f757b9758f0f6098279761446,tps-ebsgko7x-FC-FC9-7,679eb5b408f24d0e866e6e8c0-BOTH-AMBIENT;679eb5b408f24d0e866e6e944-BOTH-AMBIENT
2025-02-24 09:21:00.000,91ac9d5f757b9758f0f6098279761446,tps-ebsgko7x-FC-FC9-7,679eb5b408f24d0e866e6e940-BOTH-COOLED;679eb5b408f24d0e866e6e943-BOTH-COOLED
2025-02-24 09:21:00.000,91ac9d5f757b9758f0f6098279761446,tps-ebsgko7x-FC-FC9-7,679eb5b408f24d0e866e6e941-BOTH-AMBIENT
2025-02-24 09:21:00.000,91ac9d5f757b9758f0f6098279761446,tps-ebsgko7x-FC-FC9-7,679eb5b408f24d0e866e6e901-BOTH-COOLED;679eb5b408f24d0e866e6e905-BOTH-COOLED
2025-02-24 09:21:00.000,91ac9d5f757b9758f0f6098279761446,tps-ebsgko7x-FC-FC9-7,679eb5b408f24d0e866e6e8c1-BOTH-COOLED;679eb5b408f24d0e866e6e8c6-BOTH-COOLED
2025-02-24 09:55:00.000,96f27ab7fff147005318671e094414de,tps-ebsgko7x-FC-FC9-8,679eb5a508f24d0e866e6c2b2-BOTH-COOLED;679eb5a508f24d0e866e6c2b4-BOTH-COOLED
2025-02-24 09:55:00.000,96f27ab7fff147005318671e094414de,tps-ebsgko7x-FC-FC9-8,679eb5a508f24d0e866e6c2f0-BOTH-AMBIENT;679eb5a508f24d0e866e6c2f7-BOTH-AMBIENT
2025-02-24 09:55:00.000,96f27ab7fff147005318671e094414de,tps-ebsgko7x-FC-FC9-8,679eb5a508f24d0e866e6c2b2-BOTH-AMBIENT;679eb5a508f24d0e866e6c2b4-BOTH-AMBIENT
2025-02-24 09:55:00.000,96f27ab7fff147005318671e094414de,tps-ebsgko7x-FC-FC9-8,679eb5a508f24d0e866e6c2f2-BOTH-COOLED;679eb5a508f24d0e866e6c2f6-BOTH-COOLED
2025-02-24 09:55:00.000,96f27ab7fff147005318671e094414de,tps-ebsgko7x-FC-FC9-8,679eb5a508f24d0e866e6c271-BOTH-AMBIENT;679eb5a508f24d0e866e6c276-BOTH-AMBIENT
2025-02-24 09:55:00.000,96f27ab7fff147005318671e094414de,tps-ebsgko7x-FC-FC9-8,679eb5a508f24d0e866e6c2f1-BOTH-AMBIENT;679eb5a508f24d0e866e6c2f5-BOTH-AMBIENT
2025-02-24 09:55:00.000,96f27ab7fff147005318671e094414de,tps-ebsgko7x-FC-FC9-8,679eb5a508f24d0e866e6c2b0-BOTH-COOLED;679eb5a508f24d0e866e6c2f4-BOTH-COOLED
2025-02-24 09:55:00.000,96f27ab7fff147005318671e094414de,tps-ebsgko7x-FC-FC9-8,679eb5a508f24d0e866e6c2b1-BOTH-COOLED;679eb5a508f24d0e866e6c2b3-BOTH-COOLED
2025-02-24 09:55:00.000,96f27ab7fff147005318671e094414de,tps-ebsgko7x-FC-FC9-8,679eb5a508f24d0e866e6c2b1-BOTH-AMBIENT;679eb5a508f24d0e866e6c2b3-BOTH-AMBIENT
2025-02-24 09:55:00.000,96f27ab7fff147005318671e094414de,tps-ebsgko7x-FC-FC9-8,679eb5a508f24d0e866e6c270-BOTH-COOLED;679eb5a508f24d0e866e6c274-BOTH-COOLED
2025-02-24 09:55:00.000,96f27ab7fff147005318671e094414de,tps-ebsgko7x-FC-FC9-8,679eb5a508f24d0e866e6c272-BOTH-COOLED;679eb5a508f24d0e866e6c273-BOTH-COOLED
2025-02-24 09:55:00.000,96f27ab7fff147005318671e094414de,tps-ebsgko7x-FC-FC9-8,679eb5a508f24d0e866e6c271-BOTH-COOLED;679eb5a508f24d0e866e6c276-BOTH-COOLED
2025-02-24 09:55:00.000,96f27ab7fff147005318671e094414de,tps-ebsgko7x-FC-FC9-8,679eb5a508f24d0e866e6c270-BOTH-AMBIENT;679eb5a508f24d0e866e6c274-BOTH-AMBIENT
2025-02-24 09:55:00.000,96f27ab7fff147005318671e094414de,tps-ebsgko7x-FC-FC9-8,679eb5a508f24d0e866e6c2f2-BOTH-AMBIENT;679eb5a508f24d0e866e6c2f6-BOTH-AMBIENT
2025-02-24 09:55:00.000,96f27ab7fff147005318671e094414de,tps-ebsgko7x-FC-FC9-8,679eb5a508f24d0e866e6c2f3-BOTH-COOLED;679eb5a508f24d0e866e6c275-BOTH-COOLED
2025-02-24 09:55:00.000,96f27ab7fff147005318671e094414de,tps-ebsgko7x-FC-FC9-8,679eb5a508f24d0e866e6c2b0-BOTH-AMBIENT;679eb5a508f24d0e866e6c2f4-BOTH-AMBIENT
2025-02-24 09:55:00.000,96f27ab7fff147005318671e094414de,tps-ebsgko7x-FC-FC9-8,679eb5a508f24d0e866e6c2f3-BOTH-AMBIENT;679eb5a508f24d0e866e6c275-BOTH-AMBIENT
2025-02-24 09:55:00.000,96f27ab7fff147005318671e094414de,tps-ebsgko7x-FC-FC9-8,679eb5a508f24d0e866e6c2f1-BOTH-COOLED;679eb5a508f24d0e866e6c2f5-BOTH-COOLED
2025-02-24 09:55:00.000,96f27ab7fff147005318671e094414de,tps-ebsgko7x-FC-FC9-8,679eb5a508f24d0e866e6c272-BOTH-AMBIENT;679eb5a508f24d0e866e6c273-BOTH-AMBIENT
2025-02-24 09:55:00.000,96f27ab7fff147005318671e094414de,tps-ebsgko7x-FC-FC9-8,679eb5a508f24d0e866e6c2f0-BOTH-COOLED;679eb5a508f24d0e866e6c2f7-BOTH-COOLED
2025-02-24 10:28:00.000,f067c5c37a4f98523504c62c0d0a1f54,tps-ebsgko7x-FC-FC9-9,679eb5a808f24d0e866e6cab5-BOTH-COOLED;679eb5a808f24d0e866e6cabb-BOTH-COOLED
2025-02-24 10:28:00.000,f067c5c37a4f98523504c62c0d0a1f54,tps-ebsgko7x-FC-FC9-9,679eb5a808f24d0e866e6cab6-BOTH-AMBIENT;679eb5a808f24d0e866e6cab4-BOTH-AMBIENT
2025-02-24 10:28:00.000,f067c5c37a4f98523504c62c0d0a1f54,tps-ebsgko7x-FC-FC9-9,679eb5a808f24d0e866e6ca73-BOTH-COOLED;679eb5a808f24d0e866e6ca78-BOTH-COOLED
2025-02-24 10:28:00.000,f067c5c37a4f98523504c62c0d0a1f54,tps-ebsgko7x-FC-FC9-9,679eb5a808f24d0e866e6ca71-BOTH-COOLED;679eb5a808f24d0e866e6ca77-BOTH-COOLED
2025-02-24 10:28:00.000,f067c5c37a4f98523504c62c0d0a1f54,tps-ebsgko7x-FC-FC9-9,679eb5a808f24d0e866e6cab1-BOTH-COOLED;679eb5a808f24d0e866e6cab3-BOTH-COOLED
2025-02-24 10:28:00.000,f067c5c37a4f98523504c62c0d0a1f54,tps-ebsgko7x-FC-FC9-9,679eb5a808f24d0e866e6cab8-BOTH-AMBIENT;679eb5a808f24d0e866e6cabc-BOTH-AMBIENT
2025-02-24 10:28:00.000,f067c5c37a4f98523504c62c0d0a1f54,tps-ebsgko7x-FC-FC9-9,679eb5a808f24d0e866e6cab0-BOTH-AMBIENT;679eb5a808f24d0e866e6ca76-BOTH-AMBIENT
2025-02-24 10:28:00.000,f067c5c37a4f98523504c62c0d0a1f54,tps-ebsgko7x-FC-FC9-9,679eb5a808f24d0e866e6ca71-BOTH-AMBIENT;679eb5a808f24d0e866e6ca77-BOTH-AMBIENT
2025-02-24 10:28:00.000,f067c5c37a4f98523504c62c0d0a1f54,tps-ebsgko7x-FC-FC9-9,679eb5a808f24d0e866e6ca73-BOTH-AMBIENT;679eb5a808f24d0e866e6ca78-BOTH-AMBIENT
2025-02-24 10:28:00.000,f067c5c37a4f98523504c62c0d0a1f54,tps-ebsgko7x-FC-FC9-9,679eb5a808f24d0e866e6ca72-BOTH-AMBIENT;679eb5a808f24d0e866e6ca74-BOTH-AMBIENT
2025-02-24 10:28:00.000,f067c5c37a4f98523504c62c0d0a1f54,tps-ebsgko7x-FC-FC9-9,679eb5a808f24d0e866e6ca72-BOTH-COOLED;679eb5a808f24d0e866e6ca74-BOTH-COOLED
2025-02-24 10:28:00.000,f067c5c37a4f98523504c62c0d0a1f54,tps-ebsgko7x-FC-FC9-9,679eb5a808f24d0e866e6cab7-BOTH-COOLED;679eb5a808f24d0e866e6cab2-BOTH-COOLED
2025-02-24 10:28:00.000,f067c5c37a4f98523504c62c0d0a1f54,tps-ebsgko7x-FC-FC9-9,679eb5a808f24d0e866e6ca70-BOTH-AMBIENT;679eb5a808f24d0e866e6ca75-BOTH-AMBIENT
2025-02-24 10:28:00.000,f067c5c37a4f98523504c62c0d0a1f54,tps-ebsgko7x-FC-FC9-9,679eb5a808f24d0e866e6ca70-BOTH-COOLED;679eb5a808f24d0e866e6ca75-BOTH-COOLED
2025-02-24 10:28:00.000,f067c5c37a4f98523504c62c0d0a1f54,tps-ebsgko7x-FC-FC9-9,679eb5a808f24d0e866e6cab0-BOTH-COOLED;679eb5a808f24d0e866e6ca76-BOTH-COOLED
2025-02-24 10:28:00.000,f067c5c37a4f98523504c62c0d0a1f54,tps-ebsgko7x-FC-FC9-9,679eb5a808f24d0e866e6cab7-BOTH-AMBIENT;679eb5a808f24d0e866e6cab2-BOTH-AMBIENT
2025-02-24 10:28:00.000,f067c5c37a4f98523504c62c0d0a1f54,tps-ebsgko7x-FC-FC9-9,679eb5a808f24d0e866e6cab8-BOTH-COOLED;679eb5a808f24d0e866e6cabc-BOTH-COOLED
2025-02-24 10:28:00.000,f067c5c37a4f98523504c62c0d0a1f54,tps-ebsgko7x-FC-FC9-9,679eb5a808f24d0e866e6cab6-BOTH-COOLED;679eb5a808f24d0e866e6cab4-BOTH-COOLED
2025-02-24 10:28:00.000,f067c5c37a4f98523504c62c0d0a1f54,tps-ebsgko7x-FC-FC9-9,679eb5a808f24d0e866e6cab1-BOTH-AMBIENT;679eb5a808f24d0e866e6cab3-BOTH-AMBIENT
2025-02-24 10:28:00.000,f067c5c37a4f98523504c62c0d0a1f54,tps-ebsgko7x-FC-FC9-9,679eb5a808f24d0e866e6cab5-BOTH-AMBIENT;679eb5a808f24d0e866e6cabb-BOTH-AMBIENT
2025-02-24 11:02:00.000,3f24684fa946b84ed775c9c3903ecb73,tps-ebsgko7x-FC-FC9-10,79eb5b908f24d0e866e6f8011-BOTH-COOLED;79eb5b908f24d0e866e6f8003-BOTH-COOLED
2025-02-24 11:02:00.000,3f24684fa946b84ed775c9c3903ecb73,tps-ebsgko7x-FC-FC9-10,79eb5b908f24d0e866e6f8012-BOTH-COOLED;79eb5b908f24d0e866e6f8008-BOTH-COOLED
2025-02-24 11:02:00.000,3f24684fa946b84ed775c9c3903ecb73,tps-ebsgko7x-FC-FC9-10,79eb5b908f24d0e866e6f8010-BOTH-AMBIENT;79eb5b908f24d0e866e6f8004-BOTH-AMBIENT
2025-02-24 11:02:00.000,3f24684fa946b84ed775c9c3903ecb73,tps-ebsgko7x-FC-FC9-10,79eb5b908f24d0e866e6f800f-BOTH-AMBIENT;79eb5b908f24d0e866e6f8006-BOTH-AMBIENT
2025-02-24 11:02:00.000,3f24684fa946b84ed775c9c3903ecb73,tps-ebsgko7x-FC-FC9-10,79eb5b908f24d0e866e6f8014-BOTH-COOLED;79eb5b908f24d0e866e6f800d-BOTH-COOLED
2025-02-24 11:02:00.000,3f24684fa946b84ed775c9c3903ecb73,tps-ebsgko7x-FC-FC9-10,79eb5b908f24d0e866e6f800e-BOTH-COOLED;79eb5b908f24d0e866e6f800b-BOTH-COOLED
2025-02-24 11:02:00.000,3f24684fa946b84ed775c9c3903ecb73,tps-ebsgko7x-FC-FC9-10,79eb5b908f24d0e866e6f800c-BOTH-COOLED;79eb5b908f24d0e866e6f8002-BOTH-COOLED
2025-02-24 11:02:00.000,3f24684fa946b84ed775c9c3903ecb73,tps-ebsgko7x-FC-FC9-10,79eb5b908f24d0e866e6f8013-BOTH-AMBIENT;79eb5b908f24d0e866e6f800a-BOTH-AMBIENT
2025-02-24 11:02:00.000,3f24684fa946b84ed775c9c3903ecb73,tps-ebsgko7x-FC-FC9-10,79eb5b908f24d0e866e6f8011-BOTH-AMBIENT;79eb5b908f24d0e866e6f8003-BOTH-AMBIENT
2025-02-24 11:02:00.000,3f24684fa946b84ed775c9c3903ecb73,tps-ebsgko7x-FC-FC9-10,79eb5b908f24d0e866e6f8013-BOTH-COOLED;79eb5b908f24d0e866e6f800a-BOTH-COOLED
2025-02-24 11:02:00.000,3f24684fa946b84ed775c9c3903ecb73,tps-ebsgko7x-FC-FC9-10,79eb5b908f24d0e866e6f8010-BOTH-COOLED;79eb5b908f24d0e866e6f8004-BOTH-COOLED
2025-02-24 11:02:00.000,3f24684fa946b84ed775c9c3903ecb73,tps-ebsgko7x-FC-FC9-10,79eb5b908f24d0e866e6f8000-BOTH-COOLED;79eb5b908f24d0e866e6f8005-BOTH-COOLED
2025-02-24 11:02:00.000,3f24684fa946b84ed775c9c3903ecb73,tps-ebsgko7x-FC-FC9-10,79eb5b908f24d0e866e6f8000-BOTH-AMBIENT;79eb5b908f24d0e866e6f8005-BOTH-AMBIENT
2025-02-24 11:02:00.000,3f24684fa946b84ed775c9c3903ecb73,tps-ebsgko7x-FC-FC9-10,79eb5b908f24d0e866e6f8001-BOTH-AMBIENT;79eb5b908f24d0e866e6f8009-BOTH-AMBIENT
2025-02-24 11:02:00.000,3f24684fa946b84ed775c9c3903ecb73,tps-ebsgko7x-FC-FC9-10,79eb5b908f24d0e866e6f800f-BOTH-COOLED;79eb5b908f24d0e866e6f8006-BOTH-COOLED
2025-02-24 11:02:00.000,3f24684fa946b84ed775c9c3903ecb73,tps-ebsgko7x-FC-FC9-10,79eb5b908f24d0e866e6f8012-BOTH-AMBIENT;79eb5b908f24d0e866e6f8008-BOTH-AMBIENT
2025-02-24 11:02:00.000,3f24684fa946b84ed775c9c3903ecb73,tps-ebsgko7x-FC-FC9-10,79eb5b908f24d0e866e6f8001-BOTH-COOLED;79eb5b908f24d0e866e6f8009-BOTH-COOLED
2025-02-24 11:02:00.000,3f24684fa946b84ed775c9c3903ecb73,tps-ebsgko7x-FC-FC9-10,79eb5b908f24d0e866e6f800c-BOTH-AMBIENT;79eb5b908f24d0e866e6f8002-BOTH-AMBIENT
2025-02-24 11:02:00.000,3f24684fa946b84ed775c9c3903ecb73,tps-ebsgko7x-FC-FC9-10,79eb5b908f24d0e866e6f800e-BOTH-AMBIENT;79eb5b908f24d0e866e6f800b-BOTH-AMBIENT
2025-02-24 11:02:00.000,3f24684fa946b84ed775c9c3903ecb73,tps-ebsgko7x-FC-FC9-10,79eb5b908f24d0e866e6f8014-BOTH-AMBIENT;79eb5b908f24d0e866e6f800d-BOTH-AMBIENT
2025-02-24 11:36:00.000,d5f34eef4fad2067aa891da3be490aef,tps-ebsgko7x-FC-FC9-11,79eb59f08f24d0e866e6b2f11-BOTH-COOLED;79eb59f08f24d0e866e6b2f07-BOTH-COOLED
2025-02-24 11:36:00.000,d5f34eef4fad2067aa891da3be490aef,tps-ebsgko7x-FC-FC9-11,79eb59f08f24d0e866e6b2f0f-BOTH-AMBIENT;79eb59f08f24d0e866e6b2f03-BOTH-AMBIENT
2025-02-24 11:36:00.000,d5f34eef4fad2067aa891da3be490aef,tps-ebsgko7x-FC-FC9-11,79eb59f08f24d0e866e6b2f01-BOTH-COOLED;79eb59f08f24d0e866e6b2f0b-BOTH-COOLED
2025-02-24 11:36:00.000,d5f34eef4fad2067aa891da3be490aef,tps-ebsgko7x-FC-FC9-11,79eb59f08f24d0e866e6b2f0c-BOTH-AMBIENT;79eb59f08f24d0e866e6b2f0a-BOTH-AMBIENT
2025-02-24 11:36:00.000,d5f34eef4fad2067aa891da3be490aef,tps-ebsgko7x-FC-FC9-11,79eb59f08f24d0e866e6b2f12-BOTH-COOLED;79eb59f08f24d0e866e6b2f06-BOTH-COOLED
2025-02-24 11:36:00.000,d5f34eef4fad2067aa891da3be490aef,tps-ebsgko7x-FC-FC9-11,79eb59f08f24d0e866e6b2f0e-BOTH-AMBIENT;79eb59f08f24d0e866e6b2f09-BOTH-AMBIENT
2025-02-24 11:36:00.000,d5f34eef4fad2067aa891da3be490aef,tps-ebsgko7x-FC-FC9-11,79eb59f08f24d0e866e6b2f0f-BOTH-COOLED;79eb59f08f24d0e866e6b2f03-BOTH-COOLED
2025-02-24 11:36:00.000,d5f34eef4fad2067aa891da3be490aef,tps-ebsgko7x-FC-FC9-11,79eb59f08f24d0e866e6b2f0e-BOTH-COOLED;79eb59f08f24d0e866e6b2f09-BOTH-COOLED
2025-02-24 11:36:00.000,d5f34eef4fad2067aa891da3be490aef,tps-ebsgko7x-FC-FC9-11,79eb59f08f24d0e866e6b2f10-BOTH-AMBIENT;79eb59f08f24d0e866e6b2f04-BOTH-AMBIENT
2025-02-24 11:36:00.000,d5f34eef4fad2067aa891da3be490aef,tps-ebsgko7x-FC-FC9-11,79eb59f08f24d0e866e6b2f12-BOTH-AMBIENT;79eb59f08f24d0e866e6b2f06-BOTH-AMBIENT
2025-02-24 11:36:00.000,d5f34eef4fad2067aa891da3be490aef,tps-ebsgko7x-FC-FC9-11,79eb59f08f24d0e866e6b2f00-BOTH-COOLED;79eb59f08f24d0e866e6b2f05-BOTH-COOLED
2025-02-24 11:36:00.000,d5f34eef4fad2067aa891da3be490aef,tps-ebsgko7x-FC-FC9-11,79eb59f08f24d0e866e6b2f0d-BOTH-AMBIENT;79eb59f08f24d0e866e6b2f13-BOTH-AMBIENT
2025-02-24 11:36:00.000,d5f34eef4fad2067aa891da3be490aef,tps-ebsgko7x-FC-FC9-11,79eb59f08f24d0e866e6b2f0d-BOTH-COOLED;79eb59f08f24d0e866e6b2f13-BOTH-COOLED
2025-02-24 11:36:00.000,d5f34eef4fad2067aa891da3be490aef,tps-ebsgko7x-FC-FC9-11,79eb59f08f24d0e866e6b2f01-BOTH-AMBIENT;79eb59f08f24d0e866e6b2f0b-BOTH-AMBIENT
2025-02-24 11:36:00.000,d5f34eef4fad2067aa891da3be490aef,tps-ebsgko7x-FC-FC9-11,79eb59f08f24d0e866e6b2f02-BOTH-AMBIENT;79eb59f08f24d0e866e6b2f08-BOTH-AMBIENT
2025-02-24 11:36:00.000,d5f34eef4fad2067aa891da3be490aef,tps-ebsgko7x-FC-FC9-11,79eb59f08f24d0e866e6b2f0c-BOTH-COOLED;79eb59f08f24d0e866e6b2f0a-BOTH-COOLED
2025-02-24 11:36:00.000,d5f34eef4fad2067aa891da3be490aef,tps-ebsgko7x-FC-FC9-11,79eb59f08f24d0e866e6b2f00-BOTH-AMBIENT;79eb59f08f24d0e866e6b2f05-BOTH-AMBIENT
2025-02-24 11:36:00.000,d5f34eef4fad2067aa891da3be490aef,tps-ebsgko7x-FC-FC9-11,79eb59f08f24d0e866e6b2f10-BOTH-COOLED;79eb59f08f24d0e866e6b2f04-BOTH-COOLED
2025-02-24 11:36:00.000,d5f34eef4fad2067aa891da3be490aef,tps-ebsgko7x-FC-FC9-11,79eb59f08f24d0e866e6b2f02-BOTH-COOLED;79eb59f08f24d0e866e6b2f08-BOTH-COOLED
2025-02-24 11:36:00.000,d5f34eef4fad2067aa891da3be490aef,tps-ebsgko7x-FC-FC9-11,79eb59f08f24d0e866e6b2f11-BOTH-AMBIENT;79eb59f08f24d0e866e6b2f07-BOTH-AMBIENT
2025-02-24 12:05:00.000,064147958cbce286f39bb4e54ff2fa3f,tps-ebsgko7x-FC-FC9-12,679eb5a208f24d0e866e6bcb2-BOTH-AMBIENT
2025-02-24 12:05:00.000,064147958cbce286f39bb4e54ff2fa3f,tps-ebsgko7x-FC-FC9-12,679eb5a208f24d0e866e6bd30-BOTH-COOLED;679eb5a208f24d0e866e6bcb5-BOTH-COOLED
2025-02-24 12:05:00.000,064147958cbce286f39bb4e54ff2fa3f,tps-ebsgko7x-FC-FC9-12,679eb5a208f24d0e866e6bcb3-BOTH-COOLED;679eb5a208f24d0e866e6bcb6-BOTH-COOLED
2025-02-24 12:05:00.000,064147958cbce286f39bb4e54ff2fa3f,tps-ebsgko7x-FC-FC9-12,679eb5a208f24d0e866e6bc31-BOTH-COOLED;679eb5a208f24d0e866e6bc35-BOTH-COOLED
2025-02-24 12:05:00.000,064147958cbce286f39bb4e54ff2fa3f,tps-ebsgko7x-FC-FC9-12,679eb5a208f24d0e866e6bd31-BOTH-AMBIENT;679eb5a208f24d0e866e6bd34-BOTH-AMBIENT
2025-02-24 12:05:00.000,064147958cbce286f39bb4e54ff2fa3f,tps-ebsgko7x-FC-FC9-12,679eb5a208f24d0e866e6bc33-BOTH-AMBIENT;679eb5a208f24d0e866e6bc36-BOTH-AMBIENT
2025-02-24 12:05:00.000,064147958cbce286f39bb4e54ff2fa3f,tps-ebsgko7x-FC-FC9-12,679eb5a208f24d0e866e6bd31-BOTH-COOLED;679eb5a208f24d0e866e6bd34-BOTH-COOLED
2025-02-24 12:05:00.000,064147958cbce286f39bb4e54ff2fa3f,tps-ebsgko7x-FC-FC9-12,679eb5a208f24d0e866e6bc32-BOTH-COOLED;679eb5a208f24d0e866e6bc34-BOTH-COOLED
2025-02-24 12:05:00.000,064147958cbce286f39bb4e54ff2fa3f,tps-ebsgko7x-FC-FC9-12,679eb5a208f24d0e866e6bcb3-BOTH-AMBIENT;679eb5a208f24d0e866e6bcb6-BOTH-AMBIENT
2025-02-24 12:05:00.000,064147958cbce286f39bb4e54ff2fa3f,tps-ebsgko7x-FC-FC9-12,679eb5a208f24d0e866e6bd32-BOTH-AMBIENT;679eb5a208f24d0e866e6bcb4-BOTH-AMBIENT
2025-02-24 12:05:00.000,064147958cbce286f39bb4e54ff2fa3f,tps-ebsgko7x-FC-FC9-12,679eb5a208f24d0e866e6bc30-BOTH-COOLED;679eb5a208f24d0e866e6bd33-BOTH-COOLED
2025-02-24 12:05:00.000,064147958cbce286f39bb4e54ff2fa3f,tps-ebsgko7x-FC-FC9-12,679eb5a208f24d0e866e6bc31-BOTH-AMBIENT;679eb5a208f24d0e866e6bc35-BOTH-AMBIENT
2025-02-24 12:05:00.000,064147958cbce286f39bb4e54ff2fa3f,tps-ebsgko7x-FC-FC9-12,679eb5a208f24d0e866e6bc30-BOTH-AMBIENT;679eb5a208f24d0e866e6bd33-BOTH-AMBIENT
2025-02-24 12:05:00.000,064147958cbce286f39bb4e54ff2fa3f,tps-ebsgko7x-FC-FC9-12,679eb5a208f24d0e866e6bc32-BOTH-AMBIENT;679eb5a208f24d0e866e6bc34-BOTH-AMBIENT
2025-02-24 12:05:00.000,064147958cbce286f39bb4e54ff2fa3f,tps-ebsgko7x-FC-FC9-12,679eb5a208f24d0e866e6bd30-BOTH-AMBIENT;679eb5a208f24d0e866e6bcb5-BOTH-AMBIENT
2025-02-24 12:05:00.000,064147958cbce286f39bb4e54ff2fa3f,tps-ebsgko7x-FC-FC9-12,679eb5a208f24d0e866e6bd32-BOTH-COOLED;679eb5a208f24d0e866e6bcb4-BOTH-COOLED
2025-02-24 12:05:00.000,064147958cbce286f39bb4e54ff2fa3f,tps-ebsgko7x-FC-FC9-12,679eb5a208f24d0e866e6bc33-BOTH-COOLED;679eb5a208f24d0e866e6bc36-BOTH-COOLED
2025-02-24 12:05:00.000,064147958cbce286f39bb4e54ff2fa3f,tps-ebsgko7x-FC-FC9-12,679eb5a208f24d0e866e6bcb2-BOTH-COOLED
2025-02-24 12:38:00.000,e5119350757ef7d7e328d29a077f6919,tps-ebsgko7x-FC-FC9-13,679eb5b008f24d0e866e6dc09-BOTH-COOLED;679eb5b008f24d0e866e6dbc2-BOTH-COOLED
2025-02-24 12:38:00.000,e5119350757ef7d7e328d29a077f6919,tps-ebsgko7x-FC-FC9-13,679eb5b008f24d0e866e6dc07-BOTH-AMBIENT;679eb5b008f24d0e866e6dbce-BOTH-AMBIENT
2025-02-24 12:38:00.000,e5119350757ef7d7e328d29a077f6919,tps-ebsgko7x-FC-FC9-13,679eb5b008f24d0e866e6dc06-BOTH-COOLED;679eb5b008f24d0e866e6dc05-BOTH-COOLED
2025-02-24 12:38:00.000,e5119350757ef7d7e328d29a077f6919,tps-ebsgko7x-FC-FC9-13,679eb5b008f24d0e866e6dc09-BOTH-AMBIENT;679eb5b008f24d0e866e6dbc2-BOTH-AMBIENT
2025-02-24 12:38:00.000,e5119350757ef7d7e328d29a077f6919,tps-ebsgko7x-FC-FC9-13,679eb5b008f24d0e866e6dc02-BOTH-COOLED;679eb5b008f24d0e866e6dc04-BOTH-COOLED
2025-02-24 12:38:00.000,e5119350757ef7d7e328d29a077f6919,tps-ebsgko7x-FC-FC9-13,679eb5b008f24d0e866e6dbc1-BOTH-COOLED;679eb5b008f24d0e866e6dbcf-BOTH-COOLED
2025-02-24 12:38:00.000,e5119350757ef7d7e328d29a077f6919,tps-ebsgko7x-FC-FC9-13,679eb5b008f24d0e866e6dbc9-BOTH-COOLED;679eb5b008f24d0e866e6dbc7-BOTH-COOLED
2025-02-24 12:38:00.000,e5119350757ef7d7e328d29a077f6919,tps-ebsgko7x-FC-FC9-13,679eb5b008f24d0e866e6dc07-BOTH-COOLED;679eb5b008f24d0e866e6dbce-BOTH-COOLED
2025-02-24 12:38:00.000,e5119350757ef7d7e328d29a077f6919,tps-ebsgko7x-FC-FC9-13,679eb5b008f24d0e866e6dbc8-BOTH-AMBIENT;679eb5b008f24d0e866e6dbcd-BOTH-AMBIENT
2025-02-24 12:38:00.000,e5119350757ef7d7e328d29a077f6919,tps-ebsgko7x-FC-FC9-13,679eb5b008f24d0e866e6dc0b-BOTH-COOLED;679eb5b008f24d0e866e6dc03-BOTH-COOLED
2025-02-24 12:38:00.000,e5119350757ef7d7e328d29a077f6919,tps-ebsgko7x-FC-FC9-13,679eb5b008f24d0e866e6dc08-BOTH-AMBIENT;679eb5b008f24d0e866e6dc0c-BOTH-AMBIENT
2025-02-24 12:38:00.000,e5119350757ef7d7e328d29a077f6919,tps-ebsgko7x-FC-FC9-13,679eb5b008f24d0e866e6dc02-BOTH-AMBIENT;679eb5b008f24d0e866e6dc04-BOTH-AMBIENT
2025-02-24 12:38:00.000,e5119350757ef7d7e328d29a077f6919,tps-ebsgko7x-FC-FC9-13,679eb5b008f24d0e866e6dbc1-BOTH-AMBIENT;679eb5b008f24d0e866e6dbcf-BOTH-AMBIENT
2025-02-24 12:38:00.000,e5119350757ef7d7e328d29a077f6919,tps-ebsgko7x-FC-FC9-13,679eb5b008f24d0e866e6dbc8-BOTH-COOLED;679eb5b008f24d0e866e6dbcd-BOTH-COOLED
2025-02-24 12:38:00.000,e5119350757ef7d7e328d29a077f6919,tps-ebsgko7x-FC-FC9-13,679eb5b008f24d0e866e6dbc9-BOTH-AMBIENT;679eb5b008f24d0e866e6dbc7-BOTH-AMBIENT
2025-02-24 12:38:00.000,e5119350757ef7d7e328d29a077f6919,tps-ebsgko7x-FC-FC9-13,679eb5b008f24d0e866e6dbcc-BOTH-COOLED;679eb5b008f24d0e866e6dbc3-BOTH-COOLED
2025-02-24 12:38:00.000,e5119350757ef7d7e328d29a077f6919,tps-ebsgko7x-FC-FC9-13,679eb5b008f24d0e866e6dc08-BOTH-COOLED;679eb5b008f24d0e866e6dc0c-BOTH-COOLED
2025-02-24 12:38:00.000,e5119350757ef7d7e328d29a077f6919,tps-ebsgko7x-FC-FC9-13,679eb5b008f24d0e866e6dbcc-BOTH-AMBIENT;679eb5b008f24d0e866e6dbc3-BOTH-AMBIENT
2025-02-24 12:38:00.000,e5119350757ef7d7e328d29a077f6919,tps-ebsgko7x-FC-FC9-13,679eb5b008f24d0e866e6dc06-BOTH-AMBIENT;679eb5b008f24d0e866e6dc05-BOTH-AMBIENT
2025-02-24 12:38:00.000,e5119350757ef7d7e328d29a077f6919,tps-ebsgko7x-FC-FC9-13,679eb5b008f24d0e866e6dc0b-BOTH-AMBIENT;679eb5b008f24d0e866e6dc03-BOTH-AMBIENT
2025-02-24 13:12:00.000,81c60cd9e827ae41d43741cf246b8b38,tps-ebsgko7x-FC-FC9-14,79eb5af08f24d0e866e6db00d-BOTH-COOLED;79eb5af08f24d0e866e6db004-BOTH-COOLED
2025-02-24 13:12:00.000,81c60cd9e827ae41d43741cf246b8b38,tps-ebsgko7x-FC-FC9-14,79eb5af08f24d0e866e6db00b-BOTH-COOLED;79eb5af08f24d0e866e6db003-BOTH-COOLED
2025-02-24 13:12:00.000,81c60cd9e827ae41d43741cf246b8b38,tps-ebsgko7x-FC-FC9-14,79eb5af08f24d0e866e6db001-BOTH-COOLED;79eb5af08f24d0e866e6db00f-BOTH-COOLED
2025-02-24 13:12:00.000,81c60cd9e827ae41d43741cf246b8b38,tps-ebsgko7x-FC-FC9-14,79eb5af08f24d0e866e6db00a-BOTH-COOLED;79eb5af08f24d0e866e6db006-BOTH-COOLED
2025-02-24 13:12:00.000,81c60cd9e827ae41d43741cf246b8b38,tps-ebsgko7x-FC-FC9-14,79eb5af08f24d0e866e6dac0b-BOTH-AMBIENT;79eb5af08f24d0e866e6dac04-BOTH-AMBIENT
2025-02-24 13:12:00.000,81c60cd9e827ae41d43741cf246b8b38,tps-ebsgko7x-FC-FC9-14,79eb5af08f24d0e866e6dac0d-BOTH-COOLED;79eb5af08f24d0e866e6dac08-BOTH-COOLED
2025-02-24 13:12:00.000,81c60cd9e827ae41d43741cf246b8b38,tps-ebsgko7x-FC-FC9-14,79eb5af08f24d0e866e6db00c-BOTH-AMBIENT;79eb5af08f24d0e866e6db008-BOTH-AMBIENT
2025-02-24 13:12:00.000,81c60cd9e827ae41d43741cf246b8b38,tps-ebsgko7x-FC-FC9-14,79eb5af08f24d0e866e6db001-BOTH-AMBIENT;79eb5af08f24d0e866e6db00f-BOTH-AMBIENT
2025-02-24 13:12:00.000,81c60cd9e827ae41d43741cf246b8b38,tps-ebsgko7x-FC-FC9-14,79eb5af08f24d0e866e6dac0e-BOTH-COOLED;79eb5af08f24d0e866e6dac06-BOTH-COOLED
2025-02-24 13:12:00.000,81c60cd9e827ae41d43741cf246b8b38,tps-ebsgko7x-FC-FC9-14,79eb5af08f24d0e866e6dac0b-BOTH-COOLED;79eb5af08f24d0e866e6dac04-BOTH-COOLED
2025-02-24 13:12:00.000,81c60cd9e827ae41d43741cf246b8b38,tps-ebsgko7x-FC-FC9-14,79eb5af08f24d0e866e6dac0e-BOTH-AMBIENT;79eb5af08f24d0e866e6dac06-BOTH-AMBIENT
2025-02-24 13:12:00.000,81c60cd9e827ae41d43741cf246b8b38,tps-ebsgko7x-FC-FC9-14,79eb5af08f24d0e866e6db00d-BOTH-AMBIENT;79eb5af08f24d0e866e6db004-BOTH-AMBIENT
2025-02-24 13:12:00.000,81c60cd9e827ae41d43741cf246b8b38,tps-ebsgko7x-FC-FC9-14,79eb5af08f24d0e866e6db00e-BOTH-AMBIENT;79eb5af08f24d0e866e6db010-BOTH-AMBIENT
2025-02-24 13:12:00.000,81c60cd9e827ae41d43741cf246b8b38,tps-ebsgko7x-FC-FC9-14,79eb5af08f24d0e866e6db00a-BOTH-AMBIENT;79eb5af08f24d0e866e6db006-BOTH-AMBIENT
2025-02-24 13:12:00.000,81c60cd9e827ae41d43741cf246b8b38,tps-ebsgko7x-FC-FC9-14,79eb5af08f24d0e866e6dac0a-BOTH-COOLED;79eb5af08f24d0e866e6db007-BOTH-COOLED
2025-02-24 13:12:00.000,81c60cd9e827ae41d43741cf246b8b38,tps-ebsgko7x-FC-FC9-14,79eb5af08f24d0e866e6db00c-BOTH-COOLED;79eb5af08f24d0e866e6db008-BOTH-COOLED
2025-02-24 13:12:00.000,81c60cd9e827ae41d43741cf246b8b38,tps-ebsgko7x-FC-FC9-14,79eb5af08f24d0e866e6dac0d-BOTH-AMBIENT;79eb5af08f24d0e866e6dac08-BOTH-AMBIENT
2025-02-24 13:12:00.000,81c60cd9e827ae41d43741cf246b8b38,tps-ebsgko7x-FC-FC9-14,79eb5af08f24d0e866e6db00b-BOTH-AMBIENT;79eb5af08f24d0e866e6db003-BOTH-AMBIENT
2025-02-24 13:12:00.000,81c60cd9e827ae41d43741cf246b8b38,tps-ebsgko7x-FC-FC9-14,79eb5af08f24d0e866e6dac0a-BOTH-AMBIENT;79eb5af08f24d0e866e6db007-BOTH-AMBIENT
2025-02-24 13:12:00.000,81c60cd9e827ae41d43741cf246b8b38,tps-ebsgko7x-FC-FC9-14,79eb5af08f24d0e866e6db00e-BOTH-COOLED;79eb5af08f24d0e866e6db010-BOTH-COOLED
2025-02-24 13:29:00.000,ac9d4854953f5868099d815303ceb1a2,tps-ebsgko7x-FC-FC9-15,679eb5a808f24d0e866e6ca31-BOTH-AMBIENT;679eb5a808f24d0e866e6ca36-BOTH-AMBIENT
2025-02-24 13:29:00.000,ac9d4854953f5868099d815303ceb1a2,tps-ebsgko7x-FC-FC9-15,679eb5a808f24d0e866e6ca37-BOTH-COOLED;679eb5a808f24d0e866e6ca34-BOTH-COOLED
2025-02-24 13:29:00.000,ac9d4854953f5868099d815303ceb1a2,tps-ebsgko7x-FC-FC9-15,679eb5a808f24d0e866e6ca31-BOTH-COOLED;679eb5a808f24d0e866e6ca36-BOTH-COOLED
2025-02-24 13:29:00.000,ac9d4854953f5868099d815303ceb1a2,tps-ebsgko7x-FC-FC9-15,679eb5a808f24d0e866e6ca32-BOTH-AMBIENT;679eb5a808f24d0e866e6ca35-BOTH-AMBIENT
2025-02-24 13:29:00.000,ac9d4854953f5868099d815303ceb1a2,tps-ebsgko7x-FC-FC9-15,679eb5a808f24d0e866e6ca37-BOTH-AMBIENT;679eb5a808f24d0e866e6ca34-BOTH-AMBIENT
2025-02-24 13:29:00.000,ac9d4854953f5868099d815303ceb1a2,tps-ebsgko7x-FC-FC9-15,679eb5a808f24d0e866e6ca30-BOTH-AMBIENT;679eb5a808f24d0e866e6ca33-BOTH-AMBIENT
2025-02-24 13:29:00.000,ac9d4854953f5868099d815303ceb1a2,tps-ebsgko7x-FC-FC9-15,679eb5a808f24d0e866e6ca32-BOTH-COOLED;679eb5a808f24d0e866e6ca35-BOTH-COOLED
2025-02-24 13:29:00.000,ac9d4854953f5868099d815303ceb1a2,tps-ebsgko7x-FC-FC9-15,679eb5a808f24d0e866e6ca30-BOTH-COOLED;679eb5a808f24d0e866e6ca33-BOTH-COOLED
2025-02-24 13:29:00.000,ac9d4854953f5868099d815303ceb1a2,tps-ebsgko7x-FC-FC9-15,679eb5a808f24d0e866e6cab9-BOTH-AMBIENT;679eb5a808f24d0e866e6caba-BOTH-AMBIENT
2025-02-24 13:29:00.000,ac9d4854953f5868099d815303ceb1a2,tps-ebsgko7x-FC-FC9-15,679eb5a808f24d0e866e6cab9-BOTH-COOLED;679eb5a808f24d0e866e6caba-BOTH-COOLED
2025-02-24 13:58:00.000,c270cdb513fbd1ed0c57978443d16052,tps-ebsgko7x-FC-FC9-16,79eb59f08f24d0e866e6b330d-BOTH-AMBIENT;79eb59f08f24d0e866e6b3305-BOTH-AMBIENT
2025-02-24 13:58:00.000,c270cdb513fbd1ed0c57978443d16052,tps-ebsgko7x-FC-FC9-16,79eb59f08f24d0e866e6b3309-BOTH-AMBIENT;79eb59f08f24d0e866e6b3302-BOTH-AMBIENT
2025-02-24 13:58:00.000,c270cdb513fbd1ed0c57978443d16052,tps-ebsgko7x-FC-FC9-16,79eb59f08f24d0e866e6b330c-BOTH-AMBIENT;79eb59f08f24d0e866e6b3307-BOTH-AMBIENT
2025-02-24 13:58:00.000,c270cdb513fbd1ed0c57978443d16052,tps-ebsgko7x-FC-FC9-16,79eb59f08f24d0e866e6b3300-BOTH-AMBIENT;79eb59f08f24d0e866e6b3310-BOTH-AMBIENT
2025-02-24 13:58:00.000,c270cdb513fbd1ed0c57978443d16052,tps-ebsgko7x-FC-FC9-16,79eb59f08f24d0e866e6b330b-BOTH-AMBIENT;79eb59f08f24d0e866e6b330f-BOTH-AMBIENT
2025-02-24 13:58:00.000,c270cdb513fbd1ed0c57978443d16052,tps-ebsgko7x-FC-FC9-16,79eb59f08f24d0e866e6b330a-BOTH-COOLED;79eb59f08f24d0e866e6b3303-BOTH-COOLED
2025-02-24 13:58:00.000,c270cdb513fbd1ed0c57978443d16052,tps-ebsgko7x-FC-FC9-16,79eb59f08f24d0e866e6b330a-BOTH-AMBIENT;79eb59f08f24d0e866e6b3303-BOTH-AMBIENT
2025-02-24 13:58:00.000,c270cdb513fbd1ed0c57978443d16052,tps-ebsgko7x-FC-FC9-16,79eb59f08f24d0e866e6b330e-BOTH-COOLED;79eb59f08f24d0e866e6b3304-BOTH-COOLED
2025-02-24 13:58:00.000,c270cdb513fbd1ed0c57978443d16052,tps-ebsgko7x-FC-FC9-16,79eb59f08f24d0e866e6b330b-BOTH-COOLED;79eb59f08f24d0e866e6b330f-BOTH-COOLED
2025-02-24 13:58:00.000,c270cdb513fbd1ed0c57978443d16052,tps-ebsgko7x-FC-FC9-16,79eb59f08f24d0e866e6b3306-BOTH-AMBIENT
2025-02-24 13:58:00.000,c270cdb513fbd1ed0c57978443d16052,tps-ebsgko7x-FC-FC9-16,79eb59f08f24d0e866e6b3306-BOTH-COOLED
2025-02-24 13:58:00.000,c270cdb513fbd1ed0c57978443d16052,tps-ebsgko7x-FC-FC9-16,79eb59f08f24d0e866e6b3301-BOTH-AMBIENT;79eb59f08f24d0e866e6b3308-BOTH-AMBIENT
2025-02-24 13:58:00.000,c270cdb513fbd1ed0c57978443d16052,tps-ebsgko7x-FC-FC9-16,79eb59f08f24d0e866e6b3300-BOTH-COOLED;79eb59f08f24d0e866e6b3310-BOTH-COOLED
2025-02-24 13:58:00.000,c270cdb513fbd1ed0c57978443d16052,tps-ebsgko7x-FC-FC9-16,79eb59f08f24d0e866e6b3309-BOTH-COOLED;79eb59f08f24d0e866e6b3302-BOTH-COOLED
2025-02-24 13:58:00.000,c270cdb513fbd1ed0c57978443d16052,tps-ebsgko7x-FC-FC9-16,79eb59f08f24d0e866e6b330d-BOTH-COOLED;79eb59f08f24d0e866e6b3305-BOTH-COOLED
2025-02-24 13:58:00.000,c270cdb513fbd1ed0c57978443d16052,tps-ebsgko7x-FC-FC9-16,79eb59f08f24d0e866e6b330c-BOTH-COOLED;79eb59f08f24d0e866e6b3307-BOTH-COOLED
2025-02-24 13:58:00.000,c270cdb513fbd1ed0c57978443d16052,tps-ebsgko7x-FC-FC9-16,79eb59f08f24d0e866e6b3301-BOTH-COOLED;79eb59f08f24d0e866e6b3308-BOTH-COOLED
2025-02-24 13:58:00.000,c270cdb513fbd1ed0c57978443d16052,tps-ebsgko7x-FC-FC9-16,79eb59f08f24d0e866e6b330e-BOTH-AMBIENT;79eb59f08f24d0e866e6b3304-BOTH-AMBIENT
2025-02-24 14:20:00.000,586e4e535deb24591259920709340086,tps-ebsgko7x-FC-FC9-17,679eb5b608f24d0e866e6ef20-BOTH-COOLED;679eb5b608f24d0e866e6ee24-BOTH-COOLED
2025-02-24 14:20:00.000,586e4e535deb24591259920709340086,tps-ebsgko7x-FC-FC9-17,679eb5b608f24d0e866e6ee20-BOTH-COOLED;679eb5b608f24d0e866e6ee23-BOTH-COOLED
2025-02-24 14:20:00.000,586e4e535deb24591259920709340086,tps-ebsgko7x-FC-FC9-17,679eb5b008f24d0e866e6dc00-BOTH-AMBIENT
2025-02-24 14:20:00.000,586e4e535deb24591259920709340086,tps-ebsgko7x-FC-FC9-17,679eb5b008f24d0e866e6dc0a-BOTH-AMBIENT;679eb5b008f24d0e866e6dc0d-BOTH-AMBIENT
2025-02-24 14:20:00.000,586e4e535deb24591259920709340086,tps-ebsgko7x-FC-FC9-17,679eb5b608f24d0e866e6ee22-BOTH-AMBIENT;679eb5b608f24d0e866e6ee26-BOTH-AMBIENT
2025-02-24 14:20:00.000,586e4e535deb24591259920709340086,tps-ebsgko7x-FC-FC9-17,679eb5b608f24d0e866e6ef21-BOTH-COOLED
2025-02-24 14:20:00.000,586e4e535deb24591259920709340086,tps-ebsgko7x-FC-FC9-17,679eb5b608f24d0e866e6ee21-BOTH-COOLED;679eb5b608f24d0e866e6ee25-BOTH-COOLED
2025-02-24 14:20:00.000,586e4e535deb24591259920709340086,tps-ebsgko7x-FC-FC9-17,679eb5b608f24d0e866e6ee20-BOTH-AMBIENT;679eb5b608f24d0e866e6ee23-BOTH-AMBIENT
2025-02-24 14:20:00.000,586e4e535deb24591259920709340086,tps-ebsgko7x-FC-FC9-17,679eb5b008f24d0e866e6dc01-BOTH-AMBIENT
2025-02-24 14:20:00.000,586e4e535deb24591259920709340086,tps-ebsgko7x-FC-FC9-17,679eb5b008f24d0e866e6dc0a-BOTH-COOLED;679eb5b008f24d0e866e6dc0d-BOTH-COOLED
2025-02-24 14:20:00.000,586e4e535deb24591259920709340086,tps-ebsgko7x-FC-FC9-17,679eb5b608f24d0e866e6ef20-BOTH-AMBIENT;679eb5b608f24d0e866e6ee24-BOTH-AMBIENT
2025-02-24 14:20:00.000,586e4e535deb24591259920709340086,tps-ebsgko7x-FC-FC9-17,679eb5b608f24d0e866e6ee21-BOTH-AMBIENT;679eb5b608f24d0e866e6ee25-BOTH-AMBIENT
2025-02-24 14:20:00.000,586e4e535deb24591259920709340086,tps-ebsgko7x-FC-FC9-17,679eb5b608f24d0e866e6ee22-BOTH-COOLED;679eb5b608f24d0e866e6ee26-BOTH-COOLED
2025-02-24 14:20:00.000,586e4e535deb24591259920709340086,tps-ebsgko7x-FC-FC9-17,679eb5b608f24d0e866e6ef21-BOTH-AMBIENT
2025-02-24 14:20:00.000,586e4e535deb24591259920709340086,tps-ebsgko7x-FC-FC9-17,679eb5b008f24d0e866e6dc01-BOTH-COOLED
2025-02-24 14:20:00.000,586e4e535deb24591259920709340086,tps-ebsgko7x-FC-FC9-17,679eb5b008f24d0e866e6dc00-BOTH-COOLED
2025-02-24 14:43:00.000,5d9a1e96349309116f0ff65eb5332063,tps-ebsgko7x-FC-FC9-18,679eb5b908f24d0e866e6f7c6-BOTH-AMBIENT;679eb5b908f24d0e866e6f7cd-BOTH-AMBIENT
2025-02-24 14:43:00.000,5d9a1e96349309116f0ff65eb5332063,tps-ebsgko7x-FC-FC9-18,679eb5b908f24d0e866e6f7c9-BOTH-COOLED;679eb5b908f24d0e866e6f7cb-BOTH-COOLED
2025-02-24 14:43:00.000,5d9a1e96349309116f0ff65eb5332063,tps-ebsgko7x-FC-FC9-18,679eb5b908f24d0e866e6f7c6-BOTH-COOLED;679eb5b908f24d0e866e6f7cd-BOTH-COOLED
2025-02-24 14:43:00.000,5d9a1e96349309116f0ff65eb5332063,tps-ebsgko7x-FC-FC9-18,679eb5b908f24d0e866e6f7c8-BOTH-AMBIENT;679eb5b908f24d0e866e6f7c4-BOTH-AMBIENT
2025-02-24 14:43:00.000,5d9a1e96349309116f0ff65eb5332063,tps-ebsgko7x-FC-FC9-18,679eb5b908f24d0e866e6f7c2-BOTH-AMBIENT;679eb5b908f24d0e866e6f7c5-BOTH-AMBIENT
2025-02-24 14:43:00.000,5d9a1e96349309116f0ff65eb5332063,tps-ebsgko7x-FC-FC9-18,679eb5b908f24d0e866e6f7c0-BOTH-AMBIENT;679eb5b908f24d0e866e6f7ca-BOTH-AMBIENT
2025-02-24 14:43:00.000,5d9a1e96349309116f0ff65eb5332063,tps-ebsgko7x-FC-FC9-18,679eb5b908f24d0e866e6f7c1-BOTH-AMBIENT;679eb5b908f24d0e866e6f7c3-BOTH-AMBIENT
2025-02-24 14:43:00.000,5d9a1e96349309116f0ff65eb5332063,tps-ebsgko7x-FC-FC9-18,679eb5b908f24d0e866e6f7c7-BOTH-COOLED;679eb5b908f24d0e866e6f7cc-BOTH-COOLED
2025-02-24 14:43:00.000,5d9a1e96349309116f0ff65eb5332063,tps-ebsgko7x-FC-FC9-18,679eb5b908f24d0e866e6f7c2-BOTH-COOLED;679eb5b908f24d0e866e6f7c5-BOTH-COOLED
2025-02-24 14:43:00.000,5d9a1e96349309116f0ff65eb5332063,tps-ebsgko7x-FC-FC9-18,679eb5b908f24d0e866e6f7c1-BOTH-COOLED;679eb5b908f24d0e866e6f7c3-BOTH-COOLED
2025-02-24 14:43:00.000,5d9a1e96349309116f0ff65eb5332063,tps-ebsgko7x-FC-FC9-18,679eb5b908f24d0e866e6f7c9-BOTH-AMBIENT;679eb5b908f24d0e866e6f7cb-BOTH-AMBIENT
2025-02-24 14:43:00.000,5d9a1e96349309116f0ff65eb5332063,tps-ebsgko7x-FC-FC9-18,679eb5b908f24d0e866e6f7c0-BOTH-COOLED;679eb5b908f24d0e866e6f7ca-BOTH-COOLED
2025-02-24 14:43:00.000,5d9a1e96349309116f0ff65eb5332063,tps-ebsgko7x-FC-FC9-18,679eb5b908f24d0e866e6f7c7-BOTH-AMBIENT;679eb5b908f24d0e866e6f7cc-BOTH-AMBIENT
2025-02-24 14:43:00.000,5d9a1e96349309116f0ff65eb5332063,tps-ebsgko7x-FC-FC9-18,679eb5b908f24d0e866e6f7c8-BOTH-COOLED;679eb5b908f24d0e866e6f7c4-BOTH-COOLED
2025-02-24 15:00:00.000,a830c3129e844d17fccfc41deff20982,tps-ebsgko7x-FC-FC9-19,79eb5af08f24d0e866e6dac00-BOTH-AMBIENT;79eb5af08f24d0e866e6dac02-BOTH-AMBIENT
2025-02-24 15:00:00.000,a830c3129e844d17fccfc41deff20982,tps-ebsgko7x-FC-FC9-19,79eb5af08f24d0e866e6dac09-BOTH-AMBIENT;79eb5af08f24d0e866e6dac07-BOTH-AMBIENT
2025-02-24 15:00:00.000,a830c3129e844d17fccfc41deff20982,tps-ebsgko7x-FC-FC9-19,79eb5af08f24d0e866e6dac0c-BOTH-COOLED;79eb5af08f24d0e866e6dac0f-BOTH-COOLED
2025-02-24 15:00:00.000,a830c3129e844d17fccfc41deff20982,tps-ebsgko7x-FC-FC9-19,79eb5af08f24d0e866e6dac01-BOTH-COOLED;79eb5af08f24d0e866e6dac03-BOTH-COOLED
2025-02-24 15:00:00.000,a830c3129e844d17fccfc41deff20982,tps-ebsgko7x-FC-FC9-19,79eb5af08f24d0e866e6dac01-BOTH-AMBIENT;79eb5af08f24d0e866e6dac03-BOTH-AMBIENT
2025-02-24 15:00:00.000,a830c3129e844d17fccfc41deff20982,tps-ebsgko7x-FC-FC9-19,79eb5af08f24d0e866e6dac00-BOTH-COOLED;79eb5af08f24d0e866e6dac02-BOTH-COOLED
2025-02-24 15:00:00.000,a830c3129e844d17fccfc41deff20982,tps-ebsgko7x-FC-FC9-19,79eb5af08f24d0e866e6dac09-BOTH-COOLED;79eb5af08f24d0e866e6dac07-BOTH-COOLED
2025-02-24 15:00:00.000,a830c3129e844d17fccfc41deff20982,tps-ebsgko7x-FC-FC9-19,79eb5af08f24d0e866e6dac05-BOTH-AMBIENT;79eb5af08f24d0e866e6dac10-BOTH-AMBIENT
2025-02-24 15:00:00.000,a830c3129e844d17fccfc41deff20982,tps-ebsgko7x-FC-FC9-19,79eb5af08f24d0e866e6dac05-BOTH-COOLED;79eb5af08f24d0e866e6dac10-BOTH-COOLED
2025-02-24 15:00:00.000,a830c3129e844d17fccfc41deff20982,tps-ebsgko7x-FC-FC9-19,79eb5af08f24d0e866e6dac0c-BOTH-AMBIENT;79eb5af08f24d0e866e6dac0f-BOTH-AMBIENT
